﻿<?xml version="1.0" encoding="utf-8" ?>
<container_name>
	<storageread type="Storage" name="storageread">insights-logs-storageread</storageread>
	<storagewrite type="Storage" name="storagewrite">insights-logs-storagewrite</storagewrite>
	<storagedelete type="Storage" name="storagedelete">insights-logs-storagedelete</storagedelete>
	<connectedclientlist type="Redis" name="connectedclientlist">insights-logs-connectedclientlist</connectedclientlist>
	<msentraauthentication type="Redis" name="msentraauthenticationauditlog">insights-logs-msentraauthenticationauditlog</msentraauthentication>
	<appservicehttplogs type="AppService" name="appservicehttplogs">insights-logs-appservicehttplogs</appservicehttplogs>
	<networksecuritygroupevent type="NSG" name="networksecuritygroupevent">insights-logs-networksecuritygroupevent</networksecuritygroupevent>
	<networksecuritygrouprulecounter type="NSG" name="networksecuritygrouprulecounter">insights-logs-networksecuritygrouprulecounter</networksecuritygrouprulecounter>
	<automatictuning type="SQL" name="automatictuning">insights-logs-automatictuning</automatictuning>
	<softwareupdateprofile type="VM" name="softwareupdateprofile">insights-logs-softwareupdateprofile</softwareupdateprofile>
	<ServiceLogs type="Batch" name="servicelogs">insights-logs-servicelogs</ServiceLogs>
</container_name>